{
  "posts": [
    {
      "id": 1,
      "title": "json-server",
      "author": "typicode"
    }
  ],
  "comments": [
    {
      "id": 1,
      "body": "some comment",
      "postId": 1
    }
  ],
  "product": [
    {
      "name": "url",
      "price": 1,
      "catogory": "shirt",
      "brand": "allensoly",
      "url": "./src/component/Assets/images/Product1.png"
    },
    {
      "name": "url",
      "price": 2,
      "catogory": "shirt",
      "brand": "allensoly",
      "url": "./src/component/Assets/images/Product2.png"
    },
    {
      "name": "url",
      "price": 3,
      "catogory": "shirt",
      "brand": "allensoly",
      "url": "./src/component/Assets/images/Product3.png"
    }
  ],
  "profile": {
    "name": "typicode"
  }
}