{
  "posts": [
    {
      "id": 1,
      "title": "json-server",
      "author": "typicode"
    }
  ],
  "comments": [
    {
      "id": 1,
      "body": "some comment",
      "postId": 1
    }
  ],
  "product": [
    {
      "price": "Rs.1999",
      "catogory": "shirt",
      "url": "https://i.im.ge/2022/08/08/FKr0aM.Product1.png"
    },
    {
      "price": "Rs.1499",
      "catogory": "shirt",
      "url": "https://i.im.ge/2022/08/08/FKrRXL.Product2.png"
    },
    {
      "price": "Rs.999",
      "catogory": "shirt",
      "url": "https://i.im.ge/2022/08/08/FKrvw6.Product3.png"
    },
    {
      "price": "Rs.666",
      "catogory": "shirt",
      "url": "https://i.im.ge/2022/08/08/FKrJKF.Product4.png"
    }
  ],
  "feedbackform": [
    {
      "name": "vinay",
      "email": "vinay@gmail.com",
      "phoneno": "1234",
      "feedback": "aerargSEDEGAERGER",
      "id": 1
    },
    {
      "name": "vinay",
      "email": "vinay@gmail.com",
      "phoneno": "1234",
      "feedback": "aerargSEDEGAERGER",
      "id": 2
    }
  ],
  "profile": {
    "name": "typicode"
  }
}