{
  "posts": [
    {
      "id": 1,
      "title": "json-server",
      "author": "typicode"
    }
  ],
  "comments": [
    {
      "id": 1,
      "body": "some comment",
      "postId": 1
    }
  ],
  "product": [
    {
      "price": "Rs.1999",
      "catogory": "shirt",
      "url": "https://i.im.ge/2022/08/08/FKr0aM.Product1.png"
    },
    {
      "price": "Rs.1499",
      "catogory": "shirt",
      "url": "https://i.im.ge/2022/08/08/FKrRXL.Product2.png"
    },
    {
      "price": "Rs.999",
      "catogory": "shirt",
      "url": "https://i.im.ge/2022/08/08/FKrvw6.Product3.png"
    },
    {
      "price": "Rs.666",
      "catogory": "shirt",
      "url": "https://i.im.ge/2022/08/08/FKrJKF.Product4.png"
    }
  ],
  "feedbackform": [
    {
      "name": "vinay",
      "email": "vinay@gmail.com",
      "phoneno": "1234",
      "feedback": "aerargSEDEGAERGER",
      "id": 1
    },
    {
      "name": "vinay",
      "email": "vinay@gmail.com",
      "phoneno": "1234",
      "feedback": "aerargSEDEGAERGER",
      "id": 2
    },
    {
      "name": "vinat bro",
      "email": "vinaybro@gmail.com",
      "phoneno": "9441358912",
      "feedback": "hisdhsdfh",
      "id": 3
    },
    {
      "name": "vinat bro",
      "email": "vinaybro@gmail.com",
      "phoneno": "9441358912",
      "feedback": "hisdhsdfh",
      "id": 4
    },
    {
      "name": "vinat bro",
      "email": "vinaybro@gmail.com",
      "phoneno": "9441358912",
      "feedback": "hisdhsdfh",
      "id": 5
    },
    {
      "name": "vinat bro",
      "email": "vinaybro@gmail.com",
      "phoneno": "9441358912",
      "feedback": "hisdhsdfh",
      "id": 6
    },
    {
      "name": "vinat bro",
      "email": "vinaybro@gmail.com",
      "phoneno": "9441358912",
      "feedback": "hisdhsdfh",
      "id": 7
    },
    {
      "name": "vinat bro",
      "email": "vinaybro@gmail.com",
      "phoneno": "9441358912",
      "feedback": "hisdhsdfh",
      "id": 8
    },
    {
      "name": "vinat bro",
      "email": "vinaybro@gmail.com",
      "phoneno": "9441358912",
      "feedback": "hisdhsdfh",
      "id": 9
    },
    {
      "name": "vinat bro",
      "email": "vinaybro@gmail.com",
      "phoneno": "9441358912",
      "feedback": "hisdhsdfh",
      "id": 10
    },
    {
      "name": "vinat bro",
      "email": "vinaybro@gmail.com",
      "phoneno": "9441358912",
      "feedback": "hisdhsdfh",
      "id": 11
    },
    {
      "name": "vinat bro",
      "email": "vinaybro@gmail.com",
      "phoneno": "9441358912",
      "feedback": "hisdhsdfh",
      "id": 12
    },
    {
      "name": "vinat bro",
      "email": "vinaybro@gmail.com",
      "phoneno": "9441358912",
      "feedback": "hisdhsdfh",
      "id": 13
    },
    {
      "name": "vinat bro",
      "email": "vinaybro@gmail.com",
      "phoneno": "9441358912",
      "feedback": "hisdhsdfh",
      "id": 14
    },
    {
      "name": "vinat bro",
      "email": "vinaybro@gmail.com",
      "phoneno": "9441358912",
      "feedback": "hisdhsdfh",
      "id": 15
    },
    {
      "name": "vinat bro",
      "email": "vinaybro@gmail.com",
      "phoneno": "9441358912",
      "feedback": "hisdhsdfh",
      "id": 16
    },
    {
      "name": "",
      "email": "",
      "phoneno": "",
      "feedback": "",
      "id": 17
    },
    {
      "name": "vinay",
      "email": "vinay@gmail.com",
      "phoneno": "083838383838",
      "feedback": "majsdvgfkjbSDKLJGNFKsdlnjfglkSDBFKJSBDKJFBKSJDBKJASBDFKJJABSDKJGBAKJSDBGVKZJSBDGKUJAEWRSDGAERGET",
      "id": 18
    },
    {
      "name": "vinay",
      "email": "vinay@gmail.com",
      "phoneno": "083838383838",
      "feedback": "majsdvgfkjbSDKLJGNFKsdlnjfglkSDBFKJSBDKJFBKSJDBKJASBDFKJJABSDKJGBAKJSDBGVKZJSBDGKUJAEWRSDGAERGET",
      "id": 19
    },
    {
      "name": "vinay",
      "email": "vinay@gmail.com",
      "phoneno": "083838383838",
      "feedback": "majsdvgfkjbSDKLJGNFKsdlnjfglkSDBFKJSBDKJFBKSJDBKJASBDFKJJABSDKJGBAKJSDBGVKZJSBDGKUJAEWRSDGAERGET",
      "id": 20
    },
    {
      "name": "vinay",
      "email": "vinay@gmail.com",
      "phoneno": "083838383838",
      "feedback": "majsdvgfkjbSDKLJGNFKsdlnjfglkSDBFKJSBDKJFBKSJDBKJASBDFKJJABSDKJGBAKJSDBGVKZJSBDGKUJAEWRSDGAERGET",
      "id": 21
    },
    {
      "name": "vinay",
      "email": "vinay@gmail.com",
      "phoneno": "083838383838",
      "feedback": "majsdvgfkjbSDKLJGNFKsdlnjfglkSDBFKJSBDKJFBKSJDBKJASBDFKJJABSDKJGBAKJSDBGVKZJSBDGKUJAEWRSDGAERGET",
      "id": 22
    },
    {
      "name": "vinay",
      "email": "vinay@gmail.com",
      "phoneno": "083838383838",
      "feedback": "majsdvgfkjbSDKLJGNFKsdlnjfglkSDBFKJSBDKJFBKSJDBKJASBDFKJJABSDKJGBAKJSDBGVKZJSBDGKUJAEWRSDGAERGET",
      "id": 23
    },
    {
      "name": "vinay",
      "email": "vinay@gmail.com",
      "phoneno": "083838383838",
      "feedback": "majsdvgfkjbSDKLJGNFKsdlnjfglkSDBFKJSBDKJFBKSJDBKJASBDFKJJABSDKJGBAKJSDBGVKZJSBDGKUJAEWRSDGAERGET",
      "id": 24
    },
    {
      "name": "A",
      "email": "SWE@GMAIL.COM",
      "phoneno": "951525636",
      "feedback": true,
      "id": 25
    },
    {
      "name": "A",
      "email": "SWE@GMAIL.COM",
      "phoneno": "951525636",
      "feedback": false,
      "id": 26
    },
    {
      "name": "A",
      "email": "SWE@GMAIL.COM",
      "phoneno": "951525636",
      "feedback": false,
      "id": 27
    },
    {
      "name": "A",
      "email": "SWE@GMAIL.COM",
      "phoneno": "951525636",
      "feedback": false,
      "id": 28
    },
    {
      "name": "A",
      "email": "SWE@GMAIL.COM",
      "phoneno": "951525636",
      "feedback": false,
      "id": 29
    },
    {
      "name": "",
      "email": "",
      "phoneno": "",
      "feedback": "",
      "id": 30
    },
    {
      "name": "",
      "email": "",
      "phoneno": "",
      "feedback": "",
      "id": 31
    },
    {
      "name": "",
      "email": "",
      "phoneno": "",
      "feedback": "",
      "id": 32
    },
    {
      "name": "",
      "email": "",
      "phoneno": "",
      "feedback": "",
      "id": 33
    },
    {
      "name": "",
      "email": "",
      "phoneno": "",
      "feedback": "",
      "id": 34
    },
    {
      "name": "",
      "email": "",
      "phoneno": "",
      "feedback": "",
      "id": 35
    },
    {
      "name": "",
      "email": "",
      "phoneno": "",
      "feedback": "",
      "id": 36
    },
    {
      "name": "",
      "email": "",
      "phoneno": "",
      "feedback": "",
      "id": 37
    },
    {
      "name": "",
      "email": "",
      "phoneno": "",
      "feedback": "",
      "id": 38
    }
  ],
  "profile": {
    "name": "typicode"
  }
}